Employee name,Employee name,,,,,,,
Adelaide L Harrop,Adalberto W Creek,N,,,,,,
Aiko Blossom,Adelaide L Harrop,N,,,,,,
Alexis Q Grose,Alexis Q Grose,Y,Alexis Q Grose,,,,,
Aliza X Sammons,Allyn O Farrior,N,,,,,,
America V Lobel,America V Lobel,Y,America V Lobel,,,,,
Amiee Z Chaffins,Amiee Z Chaffins,Y,Amiee Z Chaffins,,,,,
Andrew Detweiler,Andrew Detweiler,Y,Andrew Detweiler,,,,,People who will get severance benefits
Brendon E Mone,Asa E Kunze,N,,,,,,Alexis Q Grose
Buck H Rancourt,August C Navarette,N,,,,,,America V Lobel
Candelaria Zajicek,Bell N Molinaro,N,,,,,,Amiee Z Chaffins
Carlotta T Ryles,Bennie E Manfredi,N,,,,,,Andrew Detweiler
Carmelia E Bergeron,Benny S Brinker,N,,,,,,
Carolin T Loya,Bernie M Kish,N,,,,,,
Carolynn V Moynihan,Brendon E Mone,N,,,,,,
Cecily D Houser,Bridget D Spadaro,N,,,,,,
Celine Baskin,Buck H Rancourt,N,,,,,,
Christie Rodger,Cameron A Chamberland,N,,,,,,
Clemente S Wiechmann,Candelaria Q Zajicek,N,,,,,,
Deanna P Scoggin,Candelaria Zajicek,N,,,,,,
Detra D Rymer,Carlotta T Ryles,N,,,,,,
Devin Hales,Carmelia E Bergeron,N,,,,,,
Dulce E Grizzard,Cedric N Cavallo,N,,,,,,
Edmund Mcclung,Christene F Blakemore,N,,,,,,
Elsy B Latta,Christie Rodger,N,,,,,,
Fernando S Korhonen,Cliff Skipworth,N,,,,,,
Garnett Dryer,Cole N Poling,N,,,,,,
Garrett S Nolette,Deanna P Scoggin,N,,,,,,
Inocencia Z Buteau,Dee Joslyn,N,,,,,,
Jamaal Z Resto,Detra D Rymer,N,,,,,,
Jamel Meaney,Devin Hales,N,,,,,,
Janie P Caswell,Digna Q Eck,N,,,,,,
Jayson S Carrol,Doyle Utter,N,,,,,,
Jeff E Lucero,Dulce E Grizzard,N,,,,,,
Jeneva Y Bybee,Edmund Mcclung,N,,,,,,
Jerlene P Dunnigan,Ela K Hames,N,,,,,,
Jolanda Dewees,Eldridge B Bose,N,,,,,,
Jon Arvizu,Elsy B Latta,N,,,,,,
Jon Behler,Elvis J Stroh,N,,,,,,
Jordan Phu,Elvis Veiga,N,,,,,,
Julius Q Stock,Fernando S Korhonen,N,,,,,,
Kaye Tubbs,Gabriel E Pearsall,N,,,,,,
Keira Y Till,Garnett Dryer,N,,,,,,
Ken X Weisberg,Garrett Nolette,N,,,,,,
Kendrick C Burchette,Garrett S Nolette,N,,,,,,
Kenton Q Villalta,Grisel R Whitty,N,,,,,,
Kylie K Freda,Harland S Renshaw,N,,,,,,
Larry K Mash,Honey D Eaves,N,,,,,,
Laurena P Caston,Hong M Townson,N,,,,,,
Loren H Mckenzie,Inocencia Z Buteau,N,,,,,,
Mack L Lykes,Jamaal Z Resto,N,,,,,,
Mauricio I Streets,Jamel Meaney,N,,,,,,
Maximina K Frates,Janie P Caswell,N,,,,,,
Narcisa C Rayburn,Jayson S Carrol,N,,,,,,
Nettie T Mccandless,Jenni Olguin,N,,,,,,
Patria D Riedel,Jocelyn Q Scotti,N,,,,,,
Reinaldo G Castellanos,Jody K Rude,N,,,,,,
Renaldo K Cheatham,Jolanda Dewees,N,,,,,,
Scott D Torrey,Jon Arvizu,N,,,,,,
Sheryll X Broadbent,Jordan Phu,N,,,,,,
Stephan Q Ranger,Julius Q Stock,N,,,,,,
Stewart Mazurek,Kassie Q Binder,N,,,,,,
Susana H Hooks,Katie N Kinnison,N,,,,,,
Taneka Q Church,Keila A Lucas,N,,,,,,
Taylor Thill,Keira Y Till,N,,,,,,
Therese Q Belden,Ken X Weisberg,N,,,,,,
Tiny Q Llanos,Kenton Q Villalta,N,,,,,,
Toney W Bollman,Kimberlee J Hawkins,N,,,,,,
Toya B Rawlins,Kristopher Alejos,N,,,,,,
Valene Z Woodmansee,Lamar W Estill,N,,,,,,
Vaughn Garica,Larisa Still,N,,,,,,
Vernell X Amado,Larry K Mash,N,,,,,,
Walton S Keim,Latia Gleaton,N,,,,,,
,Launa N Kohl,N,,,,,,
,Laurena P Caston,N,,,,,,
,Lenny U Rister,N,,,,,,
,Loren H Mckenzie,N,,,,,,
,Lorriane P Ho,N,,,,,,
,Lyn Tso,N,,,,,,
,Margrett M Confer,N,,,,,,
,Maximina K Frates,N,,,,,,
,Micaela N Buker,N,,,,,,
,Narcisa C Rayburn,N,,,,,,
,Nettie T Mccandless,N,,,,,,
,Oren M Mcnabb,N,,,,,,
,Oren Mcnabb,N,,,,,,
,Orval Q Olinger,N,,,,,,
,Patria D Riedel,N,,,,,,
,Raymundo Pecora,N,,,,,,
,Reinaldo G Castellanos,N,,,,,,
,Reynaldo S Service,N,,,,,,
,Sammy C Holtzclaw,N,,,,,,
,Sarita P Schubert,N,,,,,,
,Scott D Torrey,N,,,,,,
,Shanti P Brinegar,N,,,,,,
,Shavonne Henkle,N,,,,,,
,Sherwood K Shire,N,,,,,,
,Sol K Roger,N,,,,,,
,Stephan Q Ranger,N,,,,,,
,Stewart Mazurek,N,,,,,,
,Susana H Hooks,N,,,,,,
,Tamera Balser,N,,,,,,
,Taneka Q Church,N,,,,,,
,Taylor Thill,N,,,,,,
,Therese Q Belden,N,,,,,,
,Tiny Q Llanos,N,,,,,,
,Toney O Gentle,N,,,,,,
,Toney W Bollman,N,,,,,,
,Toya B Rawlins,N,,,,,,
,Valene Z Woodmansee,N,,,,,,
,Vaughn Garica,N,,,,,,
,Vernell X Amado,N,,,,,,
,Vikki N Lezama,N,,,,,,
,Violet L Ertel,N,,,,,,
,Walton S Keim,N,,,,,,
,Willia Vath,N,,,,,,
,Windy A Dudek,N,,,,,,
,Wm S Goldschmidt,N,,,,,,
